{
  "welcomeFile": "/index.html",
  "authenticationMethod": "route",
  "routes": [
    {
      "source": "^/odata/(.*)$",
      "target": "/odata/$1",
      "destination": "cpapp-app-srv",
      "authenticationType": "xsuaa",
      "csrfProtection": false
    },
    {
      "source": "^/api/(.*)$",
      "target": "/api/$1",
      "destination": "ecmproxy",
      "authenticationType": "xsuaa",
      "csrfProtection": false
    },       
    {
      "source": "^/api2/(.*)$",
      "target": "/api/$1",
      "destination": "ecmproxy",
      "authenticationType": "none",
      "csrfProtection": false
    },       
    {
      "source": "^/comsapecmreuse.comsapecmreusedocumentTable/(.*)$",
      "target": "$1",
      "destination": "comsapecmreuse",
      "authenticationType": "none",
      "csrfProtection": false
    }, 
    {
      "source": "^/resources/(.*)$",
      "target": "/resources/$1",
      "authenticationType": "none",
      "destination": "ui5"
    },
    {
      "source": "^/test-resources/(.*)$",
      "target": "/test-resources/$1",
      "authenticationType": "none",
      "destination": "ui5"
    },
    {
      "source": "^(.*)$",
      "target": "$1",
      "service": "html5-apps-repo-rt",
      "authenticationType": "xsuaa"
    }
  ]
}
